Workbook

Sheet 00 안내
A1: J-5 엑셀 수식 교차검산본
A2: 계산은 전부 엑셀 수식이다 · 파일을 열면 엑셀이 원자료에서 직접 계산한다
A4: ■ 이 파일을 언제 여는가
A5: J5_수기검산_워크시트.xlsx 를 전부 채우고 저장한 다음입니다. 이 파일에는 답이 들어 있습니다.
A7: ■ 무엇을 하는 파일인가
A8: 원자료만 싣고 계산 칸은 전부 엑셀 수식으로 걸어 두었습니다. 파일을 열면 엑셀이 계산합니다.
A9: 파란 칸(계산)을 클릭하면 수식이 보입니다. 하드코딩된 숫자는 대조표의 '코드값' 열뿐입니다.
A11: ■ 왜 네 경로로 계산하는가
A12: 같은 규칙을 다른 계산 환경에서 돌려 보면 특정 구현에 기댄 오류가 드러납니다.
A14: 경로 | B14: 위치 | C14: 무엇이 독립인가 | D14: 무엇이 독립이 아닌가
A15: 파이썬 엔진 | B15: engine/ | C15: 팀의 구현 | D15: —
A16: 파이썬 독립본 | B16: qa/independent/ | C16: 구현이 다름 | D16: 규칙 해석이 같음(같은 사람)
A17: 엑셀 수식 | B17: 이 파일 | C17: 계산 환경이 다름 | D17: 규칙 해석이 같음(같은 사람)
A18: 사람 손 | B18: J5 워크시트 | C18: 해석·계산 모두 | D18: —
A20: ■ 이 파일이 증명하지 못하는 것
A21: 수식은 제가 룰북을 읽고 쓴 것이라 규칙 해석은 독립이 아닙니다. 독립 재산출도 같은 해석에서 나왔습니다.
A22: 해석 자체가 틀렸다면 파이썬 둘과 엑셀이 사이좋게 같이 틀립니다.
A23: 그것을 잡는 것은 사람이 손으로 하는 J-5 검산뿐입니다. 그래서 순서가 중요합니다.
A25: 엑셀이 잡아 주는 것: 옮겨 적기 오류 · 백분위 보간 구현 차이 · 부동소수점 처리 차이 · 범위 지정 실수
A26: 엑셀이 못 잡는 것: 룰북 오독 · 관측창을 잘못 잡음 · 분모 규칙 오해
A28: 시트 | B28: 내용 | C28: 계산 방식
A29: 10 원자료 US거래 | B29: 미국 9종목 × 90개장일 종가·거래량·상태 | C29: 원자료 (수식 없음)
A30: 11 계산 ADTV90 | B30: 유효관측일수·거래대금합·ADTV90 | C30: COUNTIF · SUMPRODUCT
A31: 12 계산 P10 | B31: 백분위 보간·편입판정 | C31: PERCENTILE.INC
A32: 20 원자료 가격 | B32: 15종목 2일치 종가 + 환율 | C32: 원자료 (수식 없음)
A33: 21 계산 비중 | B33: 셀별 종목수 → 1/6 → 종목당 | C33: COUNTIF
A34: 22 계산 지수 | B34: 원화환산 → 가격비 → 가중합 | C34: SUMPRODUCT
A35: 30 계산 분할 | B35: 010120 분할 조정 전후 | C35: 산술식
A36: 99 대조표 | B36: 엑셀값 · 수기값 · 코드값 | C36: 차이는 수식

Sheet 10 원자료 US거래
A1: 미국 9종목 × 90 개장일 — 원자료
A2: 관측창: 자료마감일 2026-06-23 이하 미국 개장일 최근 90일 · 출처 daily_market_state.csv
B3: ALAB | E3: ANET | H3: APH | K3: ATI | N3: ETN | Q3: GEV | T3: KTOS | W3: TER | Z3: SPCX
A4: 날짜 | B4: 종가 | C4: 거래량 | D4: 상태 | E4: 종가 | F4: 거래량 | G4: 상태 | H4: 종가 | I4: 거래량 | J4: 상태 | K4: 종가 | L4: 거래량 | M4: 상태 | N4: 종가 | O4: 거래량 | P4: 상태 | Q4: 종가 | R4: 거래량 | S4: 상태 | T4: 종가 | U4: 거래량 | V4: 상태 | W4: 종가 | X4: 거래량 | Y4: 상태 | Z4: 종가 | AA4: 거래량 | AB4: 상태
A5: 2026-02-12 | B5: 126.58 | C5: 11444100 | D5: TRADED | E5: 135.12 | F5: 16322100 | G5: TRADED | H5: 143.73 | I5: 11352600 | J5: TRADED | K5: 139.81 | L5: 2482500 | M5: TRADED | N5: 390.33 | O5: 4603600 | P5: TRADED | Q5: 816.56 | R5: 2677700 | S5: TRADED | T5: 87.05 | U5: 2276600 | V5: TRADED | W5: 311.03 | X5: 5023400 | Y5: TRADED | AB5: NOT_LISTED
A6: 2026-02-13 | B6: 129.32 | C6: 7735800 | D6: TRADED | E6: 141.59 | F6: 21823000 | G6: TRADED | H6: 146.72 | I6: 9378800 | J6: TRADED | K6: 143.93 | L6: 2251700 | M6: TRADED | N6: 389.25 | O6: 2253500 | P6: TRADED | Q6: 802.13 | R6: 2020900 | S6: TRADED | T6: 89.06 | U6: 1769100 | V6: TRADED | W6: 314.66 | X6: 2600600 | Y6: TRADED | AB6: NOT_LISTED
A7: 2026-02-17 | B7: 123.69 | C7: 7105700 | D7: TRADED | E7: 142.58 | F7: 8724200 | G7: TRADED | H7: 148.57 | I7: 6844800 | J7: TRADED | K7: 146.75 | L7: 2010800 | M7: TRADED | N7: 391.49 | O7: 2094500 | P7: TRADED | Q7: 819.15 | R7: 2221600 | S7: TRADED | T7: 91.97 | U7: 2405800 | V7: TRADED | W7: 305.53 | X7: 2383300 | Y7: TRADED | AB7: NOT_LISTED
A8: 2026-02-18 | B8: 129.58 | C8: 4355200 | D8: TRADED | E8: 139.54 | F8: 9955700 | G8: TRADED | H8: 147.73 | I8: 7485200 | J8: TRADED | K8: 148.57 | L8: 1909500 | M8: TRADED | N8: 380.38 | O8: 2740000 | P8: TRADED | Q8: 817.55 | R8: 1808900 | S8: TRADED | T8: 97.21 | U8: 3657600 | V8: TRADED | W8: 314.82 | X8: 2753700 | Y8: TRADED | AB8: NOT_LISTED
A9: 2026-02-19 | B9: 132.62 | C9: 2904600 | D9: TRADED | E9: 137.23 | F9: 5260600 | G9: TRADED | H9: 151.2 | I9: 5230800 | J9: TRADED | K9: 152.84 | L9: 2563200 | M9: TRADED | N9: 377.32 | O9: 2277400 | P9: TRADED | Q9: 834.61 | R9: 1655600 | S9: TRADED | T9: 105.67 | U9: 5176800 | V9: TRADED | W9: 315.9 | X9: 1826700 | Y9: TRADED | AB9: NOT_LISTED
A10: 2026-02-20 | B10: 129.68 | C10: 3640700 | D10: TRADED | E10: 132.79 | F10: 8309000 | G10: TRADED | H10: 151.04 | I10: 7467400 | J10: TRADED | K10: 158.87 | L10: 3259800 | M10: TRADED | N10: 373.38 | O10: 2600300 | P10: TRADED | Q10: 830.34 | R10: 1709100 | S10: TRADED | T10: 96.08 | U10: 4631600 | V10: TRADED | W10: 324.85 | X10: 2603500 | Y10: TRADED | AB10: NOT_LISTED
A11: 2026-02-23 | B11: 128.24 | C11: 3023600 | D11: TRADED | E11: 127.43 | F11: 9706800 | G11: TRADED | H11: 147.82 | I11: 6070400 | J11: TRADED | K11: 159.27 | L11: 2618900 | M11: TRADED | N11: 362.05 | O11: 2920800 | P11: TRADED | Q11: 831.7 | R11: 1438200 | S11: TRADED | T11: 94.31 | U11: 3365100 | V11: TRADED | W11: 318.5 | X11: 2567600 | Y11: TRADED | AB11: NOT_LISTED
A12: 2026-02-24 | B12: 128.4 | C12: 2894000 | D12: TRADED | E12: 128.77 | F12: 8120000 | G12: TRADED | H12: 151.5 | I12: 8000400 | J12: TRADED | K12: 161.04 | L12: 2792500 | M12: TRADED | N12: 374.56 | O12: 2387200 | P12: TRADED | Q12: 879.73 | R12: 2305300 | S12: TRADED | T12: 90.68 | U12: 6008700 | V12: TRADED | W12: 329.09 | X12: 2271300 | Y12: TRADED | AB12: NOT_LISTED
A13: 2026-02-25 | B13: 128.15 | C13: 5330300 | D13: TRADED | E13: 132.89 | F13: 7611600 | G13: TRADED | H13: 152.64 | I13: 5653500 | J13: TRADED | K13: 160.02 | L13: 2575600 | M13: TRADED | N13: 373.53 | O13: 2300100 | P13: TRADED | Q13: 876.01 | R13: 2293100 | S13: TRADED | T13: 88.23 | U13: 2349900 | V13: TRADED | W13: 342.82 | X13: 3102700 | Y13: TRADED | AB13: NOT_LISTED
A14: 2026-02-26 | B14: 124.67 | C14: 3800700 | D14: TRADED | E14: 130.25 | F14: 6360700 | G14: TRADED | H14: 148.47 | I14: 7755500 | J14: TRADED | K14: 163.55 | L14: 1750600 | M14: TRADED | N14: 374.59 | O14: 2231100 | P14: TRADED | Q14: 876.46 | R14: 2796700 | S14: TRADED | T14: 92.14 | U14: 2605000 | V14: TRADED | W14: 332.7 | X14: 4915300 | Y14: TRADED | AB14: NOT_LISTED
A15: 2026-02-27 | B15: 118.83 | C15: 5156500 | D15: TRADED | E15: 133.5 | F15: 9043300 | G15: TRADED | H15: 146.06 | I15: 9827500 | J15: TRADED | K15: 163.59 | L15: 2107400 | M15: TRADED | N15: 375.92 | O15: 2169000 | P15: TRADED | Q15: 873.6 | R15: 2456200 | S15: TRADED | T15: 86.18 | U15: 13317900 | V15: TRADED | W15: 320.03 | X15: 4426300 | Y15: TRADED | AB15: NOT_LISTED
A16: 2026-03-02 | B16: 120.55 | C16: 4652100 | D16: TRADED | E16: 129.3 | F16: 6875000 | G16: TRADED | H16: 135.16 | I16: 14746800 | J16: TRADED | K16: 166.42 | L16: 2090100 | M16: TRADED | N16: 377.4 | O16: 1828400 | P16: TRADED | Q16: 881.18 | R16: 2421400 | S16: TRADED | T16: 90.72 | U16: 18913800 | V16: TRADED | W16: 325.83 | X16: 2488700 | Y16: TRADED | AB16: NOT_LISTED
... A87: 2026-06-11 | B87: 367.47 | C87: 5728900 | D87: TRADED | E87: 156.4 | F87: 5326700 | G87: TRADED | H87: 152.46 | I87: 11909600 | J87: TRADED | K87: 199.5 | L87: 2594800 | M87: TRADED | N87: 393.64 | O87: 2639800 | P87: TRADED | Q87: 906.79 | R87: 4261200 | S87: TRADED | T87: 58.78 | U87: 3965800 | V87: TRADED | W87: 381.4 | X87: 5027400 | Y87: TRADED | AB87: NOT_LISTED
A88: 2026-06-12 | B88: 367.15 | C88: 5372900 | D88: TRADED | E88: 163.24 | F88: 6052500 | G88: TRADED | H88: 153.8 | I88: 9393000 | J88: TRADED | K88: 198.48 | L88: 2787900 | M88: TRADED | N88: 391.39 | O88: 2175100 | P88: TRADED | Q88: 940.66 | R88: 2787700 | S88: TRADED | T88: 57.75 | U88: 4625800 | V88: TRADED | W88: 403.2 | X88: 3322900 | Y88: TRADED | Z88: 160.95 | AA88: 519234800 | AB88: TRADED
A89: 2026-06-15 | B89: 389.2 | C89: 5332800 | D89: TRADED | E89: 169.09 | F89: 7240800 | G89: TRADED | H89: 158.59 | I89: 9036400 | J89: TRADED | K89: 195.81 | L89: 1963100 | M89: TRADED | N89: 407.06 | O89: 2336700 | P89: TRADED | Q89: 979.07 | R89: 3428200 | S89: TRADED | T89: 57.02 | U89: 4014700 | V89: TRADED | W89: 432.41 | X89: 4558000 | Y89: TRADED | Z89: 192.5 | AA89: 256226600 | AB89: TRADED
A90: 2026-06-16 | B90: 361.71 | C90: 5938600 | D90: TRADED | E90: 168.01 | F90: 8090900 | G90: TRADED | H90: 158.81 | I90: 8223000 | J90: TRADED | K90: 196.31 | L90: 1551700 | M90: TRADED | N90: 407.71 | O90: 1788700 | P90: TRADED | Q90: 982.35 | R90: 2761100 | S90: TRADED | T90: 56.34 | U90: 3132700 | V90: TRADED | W90: 409.35 | X90: 3977800 | Y90: TRADED | Z90: 211.39 | AA90: 195401600 | AB90: TRADED
A91: 2026-06-17 | B91: 374.68 | C91: 5122000 | D91: TRADED | E91: 164.93 | F91: 6229500 | G91: TRADED | H91: 161.11 | I91: 8712900 | J91: TRADED | K91: 196.86 | L91: 1504100 | M91: TRADED | N91: 409.64 | O91: 2242500 | P91: TRADED | Q91: 1048.86 | R91: 3996000 | S91: TRADED | T91: 56.16 | U91: 3124900 | V91: TRADED | W91: 408.56 | X91: 3527600 | Y91: TRADED | Z91: 191.82 | AA91: 201719500 | AB91: TRADED
A92: 2026-06-18 | B92: 417.07 | C92: 22605900 | D92: TRADED | E92: 169.67 | F92: 11130400 | G92: TRADED | H92: 163.96 | I92: 12819400 | J92: TRADED | K92: 201.34 | L92: 3100700 | M92: TRADED | N92: 421.77 | O92: 3715600 | P92: TRADED | Q92: 1109.73 | R92: 4344700 | S92: TRADED | T92: 54.21 | U92: 6964900 | V92: TRADED | W92: 437.92 | X92: 17958200 | Y92: TRADED | Z92: 185 | AA92: 272126800 | AB92: TRADED
A93: 2026-06-22 | B93: 439.66 | C93: 5584000 | D93: TRADED | E93: 174.56 | F93: 9494400 | G93: TRADED | H93: 165.96 | I93: 8584800 | J93: TRADED | K93: 204.09 | L93: 1584200 | M93: TRADED | N93: 435.78 | O93: 2571500 | P93: TRADED | Q93: 1127.59 | R93: 3916300 | S93: TRADED | T93: 51.09 | U93: 4661800 | V93: TRADED | W93: 457 | X93: 4338500 | Y93: TRADED | Z93: 154.6 | AA93: 169183800 | AB93: TRADED
A94: 2026-06-23 | B94: 397.02 | C94: 6478300 | D94: TRADED | E94: 162.2 | F94: 7770100 | G94: TRADED | H94: 158.7 | I94: 10010600 | J94: TRADED | K94: 199.6 | L94: 1646500 | M94: TRADED | N94: 405.28 | O94: 2459000 | P94: TRADED | Q94: 1034.98 | R94: 3919200 | S94: TRADED | T94: 50.8 | U94: 3683300 | V94: TRADED | W94: 420.12 | X94: 7671700 | Y94: TRADED | Z94: 156.11 | AA94: 155848100 | AB94: TRADED

Sheet 11 계산 ADTV90
A1: ADTV90 — 엑셀 수식으로 산출
A2: 룰북 §8.1 · 제59조(미국은 원종가×원거래량 재구성) · 정지·무거래는 0 반영, 분모 90
A4: ■ 수식
A5: 유효관측일수 = COUNTIF(상태열, "TRADED")
A6: 거래대금 합계 = SUMPRODUCT(종가열, 거래량열) ← 제59조 재구성. 빈 칸은 0으로 처리됨
A7: ADTV90 = 합계 ÷ 90 ← 분모는 관측창 길이 90 (결측 없음)
A8: 시즈닝 = IF(유효관측일수 >= 90, "SEASONED", "INCOMPLETE")
B10: 종목 | C10: 유효관측일수 | D10: 거래대금 합계 | E10: ADTV90 | F10: 시즈닝 | G10: 분포 포함값 | H10: 메모
A11: 1 | B11: ALAB | C11: =COUNTIF('10 원자료 US거래'!D5:D94,"TRADED") | D11: =SUMPRODUCT('10 원자료 US거래'!B5:B94,'10 원자료 US거래'!C5:C94) | E11: =D11/90 | F11: =IF(C11>=90,"SEASONED","INCOMPLETE") | G11: =IF(F11="SEASONED",E11,"")
A12: 2 | B12: ANET | C12: =COUNTIF('10 원자료 US거래'!G5:G94,"TRADED") | D12: =SUMPRODUCT('10 원자료 US거래'!E5:E94,'10 원자료 US거래'!F5:F94) | E12: =D12/90 | F12: =IF(C12>=90,"SEASONED","INCOMPLETE") | G12: =IF(F12="SEASONED",E12,"")
A13: 3 | B13: APH | C13: =COUNTIF('10 원자료 US거래'!J5:J94,"TRADED") | D13: =SUMPRODUCT('10 원자료 US거래'!H5:H94,'10 원자료 US거래'!I5:I94) | E13: =D13/90 | F13: =IF(C13>=90,"SEASONED","INCOMPLETE") | G13: =IF(F13="SEASONED",E13,"")
A14: 4 | B14: ATI | C14: =COUNTIF('10 원자료 US거래'!M5:M94,"TRADED") | D14: =SUMPRODUCT('10 원자료 US거래'!K5:K94,'10 원자료 US거래'!L5:L94) | E14: =D14/90 | F14: =IF(C14>=90,"SEASONED","INCOMPLETE") | G14: =IF(F14="SEASONED",E14,"")
A15: 5 | B15: ETN | C15: =COUNTIF('10 원자료 US거래'!P5:P94,"TRADED") | D15: =SUMPRODUCT('10 원자료 US거래'!N5:N94,'10 원자료 US거래'!O5:O94) | E15: =D15/90 | F15: =IF(C15>=90,"SEASONED","INCOMPLETE") | G15: =IF(F15="SEASONED",E15,"")
A16: 6 | B16: GEV | C16: =COUNTIF('10 원자료 US거래'!S5:S94,"TRADED") | D16: =SUMPRODUCT('10 원자료 US거래'!Q5:Q94,'10 원자료 US거래'!R5:R94) | E16: =D16/90 | F16: =IF(C16>=90,"SEASONED","INCOMPLETE") | G16: =IF(F16="SEASONED",E16,"")
A17: 7 | B17: KTOS | C17: =COUNTIF('10 원자료 US거래'!V5:V94,"TRADED") | D17: =SUMPRODUCT('10 원자료 US거래'!T5:T94,'10 원자료 US거래'!U5:U94) | E17: =D17/90 | F17: =IF(C17>=90,"SEASONED","INCOMPLETE") | G17: =IF(F17="SEASONED",E17,"")
A18: 8 | B18: TER | C18: =COUNTIF('10 원자료 US거래'!Y5:Y94,"TRADED") | D18: =SUMPRODUCT('10 원자료 US거래'!W5:W94,'10 원자료 US거래'!X5:X94) | E18: =D18/90 | F18: =IF(C18>=90,"SEASONED","INCOMPLETE") | G18: =IF(F18="SEASONED",E18,"")
A19: 9 | B19: SPCX | C19: =COUNTIF('10 원자료 US거래'!AB5:AB94,"TRADED") | D19: =SUMPRODUCT('10 원자료 US거래'!Z5:Z94,'10 원자료 US거래'!AA5:AA94) | E19: =D19/90 | F19: =IF(C19>=90,"SEASONED","INCOMPLETE") | G19: =IF(F19="SEASONED",E19,"") | H19: 시즈닝 미달 — 분포 제외 대상
A21: ■ SPCX를 보면 규칙의 의미가 드러납니다
A22: SPCX는 90일 중 7일만 거래됐습니다. 그런데 합계를 90으로 나눈 값은 오히려 9종목 중 가장 큽니다.
A23: 7일 동안 거래대금이 매우 컸기 때문입니다. 시즈닝 규칙이 없으면 신규 상장주가 유동성 심사를
A24: 가장 여유롭게 통과해 버립니다. 룰북 §8.1이 모집단을 '시즈닝 통과'로 한정한 이유입니다.

Sheet 12 계산 P10
A1: P10 하한과 편입 판정 — 엑셀 수식으로 산출
A2: 룰북 §8.1(분포·하한) · §9(편입) · PERCENTILE.INC = 선형보간
A4: ■ 엑셀의 PERCENTILE.INC 는 파이썬 numpy.percentile 기본값과 같은 선형보간을 씁니다.
A5: 위치 h = (n − 1) × p, 소수부는 아래위 두 값 사이를 비례 배분합니다.
A6: 두 환경이 같은 값을 내면 보간 구현이 환경에 의존하지 않는다는 뜻입니다.
A8: 항목 | B8: 값 (엑셀 수식) | D8: 근거·비고
A9: 분포 모집단 n — 시즈닝 통과만 | B9: =COUNT('11 계산 ADTV90'!G11:G19) | D9: 룰북 §8.1 '보통주·시즈닝 통과'
A10: 보간 위치 h = (n−1) × 0.10 | B10: =(B9-1)*0.1 | D10: h < 1 이면 P10은 최솟값과 2번째 사이
A11: P10 하한 (시즈닝 통과 8종목) | B11: =PERCENTILE.INC('11 계산 ADTV90'!G11:G19,0.1) | D11: ★ 공식 산출값
A12: 최솟값 x1 | B12: =SMALL('11 계산 ADTV90'!G11:G19,1)
A13: 두 번째 값 x2 | B13: =SMALL('11 계산 ADTV90'!G11:G19,2)
A14: 보간 검산 = x1 + (h−1의내림)×(x2−x1) | B14: =B12+(B10-INT(B10))*(B13-B12) | D14: PERCENTILE.INC 와 같아야 함
A15: KTOS ADTV90 | B15: =INDEX('11 계산 ADTV90'!E11:E19,MATCH("KTOS",'11 계산 ADTV90'!B11:B19,0))
A16: KTOS 편입 여부 | B16: =IF(B15>=B11,"편입","제외") | D16: P10 이상이면 편입
A17: KTOS의 P10 대비 차이 (%) | B17: =(B15/B11-1)*100
A18: P10 미만 종목 수 | B18: =COUNTIF('11 계산 ADTV90'!G11:G19,"<"&B11) | D18: 몇 종목이 떨어지는가
A19: 2종목 이상 탈락에 필요한 최소 n | B19: =CEILING(1/0.1,1)+1 | D19: h=(n−1)×0.1 ≥ 1
A21: ■ 참고 — SPCX를 모집단에 넣으면 어떻게 되는가 (규칙상 넣지 않음)
A23: P10 (SPCX 포함 9종목) | B23: =PERCENTILE.INC('11 계산 ADTV90'!E11:E19,0.1) | D23: n이 9가 되어 h가 0.8로 커진다. 하위 두 값은 그대로라 P10만 올라간다.
A25: ■ 여기서 나오는 구조 문제
A26: h가 0과 1 사이면 P10은 항상 최솟값과 두 번째 값 사이에 놓입니다.
A27: 따라서 P10 미만 종목은 언제나 정확히 한 개입니다. 그 종목의 거래대금 크기와 무관합니다.
A28: → 지금 P10은 '유동성이 일정 수준 미만이면 제외'가 아니라 '가장 낮은 하나를 제외'로 작동합니다.

Sheet 20 원자료 가격
A1: 구성종목 종가 2일치 + 환율 — 원자료
A2: 기준일 2026-04-01 · 검산일 2026-04-07 · 출처 daily_market_state.csv · fx.csv
A4: 구분 | B4: 날짜 | C4: 환율(원/달러)
A5: 기준일 | B5: 2026-04-01 | C5: 1530.5
A6: 검산일 | B6: 2026-04-07 | C6: 1507.2
B8: 종목 | C8: 지역 | D8: 테마 | E8: 셀 | F8: 기준일 종가 | G8: 검산일 종가
A9: 1 | B9: 010120 | C9: KR | D9: ENERGY_POWER | E9: KR_ENERGY_POWER | F9: 794000 | G9: 788000
A10: 2 | B10: 012450 | C10: KR | D10: SPACE_DEFENSE | E10: KR_SPACE_DEFENSE | F10: 1333000 | G10: 1537000
A11: 3 | B11: 064350 | C11: KR | D11: SPACE_DEFENSE | E11: KR_SPACE_DEFENSE | F11: 188800 | G11: 211000
A12: 4 | B12: 064400 | C12: KR | D12: AI_ROBOTICS | E12: KR_AI_ROBOTICS | F12: 59500 | G12: 57100
A13: 5 | B13: 079550 | C13: KR | D13: SPACE_DEFENSE | E13: KR_SPACE_DEFENSE | F13: 794000 | G13: 827000
A14: 6 | B14: 267260 | C14: KR | D14: ENERGY_POWER | E14: KR_ENERGY_POWER | F14: 902000 | G14: 891000
A15: 7 | B15: 298040 | C15: KR | D15: ENERGY_POWER | E15: KR_ENERGY_POWER | F15: 2653000 | G15: 2610000
A16: 8 | B16: 307950 | C16: KR | D16: AI_ROBOTICS | E16: KR_AI_ROBOTICS | F16: 391000 | G16: 370000
A17: 9 | B17: ALAB | C17: US | D17: AI_ROBOTICS | E17: US_AI_ROBOTICS | F17: 106.33 | G17: 118.99
A18: 10 | B18: ANET | C18: US | D18: AI_ROBOTICS | E18: US_AI_ROBOTICS | F18: 124.85 | G18: 133.64
A19: 11 | B19: APH | C19: US | D19: ENERGY_POWER | E19: US_ENERGY_POWER | F19: 127.7 | G19: 128.38
A20: 12 | B20: ETN | C20: US | D20: ENERGY_POWER | E20: US_ENERGY_POWER | F20: 365.56 | G20: 368.85
... A23: 15 | B23: TER | C23: US | D23: AI_ROBOTICS | E23: US_AI_ROBOTICS | F23: 312.2 | G23: 320.48

Sheet 21 계산 비중
A1: 6셀 목표비중 — 엑셀 수식으로 산출
A2: D-04 ②(테마 1:1:1) · D-10 ①(지역 50:50) · D-10 ②(6셀 각 1/6)
A4: ■ 수식
A5: 셀 목표비중 = 1/6 ← D-10 ② 명문
A6: 편입 종목수 = COUNTIF(셀 열, 해당 셀)
A7: 종목당 비중 = 셀 목표비중 ÷ 편입 종목수
A9: ※ 6셀 각 1/6은 테마 1:1:1과 지역 50:50을 만족하는 유일한 해가 아닙니다.
A10: 미지수 6개에 독립 제약이 4개라 자유도가 2 남습니다. 근거는 유일성이 아니라 D-10 ② 명문입니다.
B12: 셀 | C12: 셀 목표비중 | D12: 편입 종목수 | E12: 종목당 비중 | F12: 메모
A13: 1 | B13: KR_AI_ROBOTICS | C13: =1/6 | D13: =COUNTIF('20 원자료 가격'!$E$9:$E$23,B13) | E13: =C13/D13
A14: 2 | B14: KR_ENERGY_POWER | C14: =1/6 | D14: =COUNTIF('20 원자료 가격'!$E$9:$E$23,B14) | E14: =C14/D14
A15: 3 | B15: KR_SPACE_DEFENSE | C15: =1/6 | D15: =COUNTIF('20 원자료 가격'!$E$9:$E$23,B15) | E15: =C15/D15
A16: 4 | B16: US_AI_ROBOTICS | C16: =1/6 | D16: =COUNTIF('20 원자료 가격'!$E$9:$E$23,B16) | E16: =C16/D16
A17: 5 | B17: US_ENERGY_POWER | C17: =1/6 | D17: =COUNTIF('20 원자료 가격'!$E$9:$E$23,B17) | E17: =C17/D17
A18: 6 | B18: US_SPACE_DEFENSE | C18: =1/6 | D18: =COUNTIF('20 원자료 가격'!$E$9:$E$23,B18) | E18: =C18/D18
B19: 합계 | C19: =SUM(C13:C18) | D19: =SUM(D13:D18) | F19: 정확히 1.000000 이어야 함
B21: 종목 | C21: 셀 | D21: 목표비중 | F21: 메모
A22: 1 | B22: ='20 원자료 가격'!B9 | C22: ='20 원자료 가격'!E9 | D22: =VLOOKUP(C22,$B$13:$E$18,4,FALSE)
A23: 2 | B23: ='20 원자료 가격'!B10 | C23: ='20 원자료 가격'!E10 | D23: =VLOOKUP(C23,$B$13:$E$18,4,FALSE)
A24: 3 | B24: ='20 원자료 가격'!B11 | C24: ='20 원자료 가격'!E11 | D24: =VLOOKUP(C24,$B$13:$E$18,4,FALSE)
A25: 4 | B25: ='20 원자료 가격'!B12 | C25: ='20 원자료 가격'!E12 | D25: =VLOOKUP(C25,$B$13:$E$18,4,FALSE)
A26: 5 | B26: ='20 원자료 가격'!B13 | C26: ='20 원자료 가격'!E13 | D26: =VLOOKUP(C26,$B$13:$E$18,4,FALSE)
A27: 6 | B27: ='20 원자료 가격'!B14 | C27: ='20 원자료 가격'!E14 | D27: =VLOOKUP(C27,$B$13:$E$18,4,FALSE)
A28: 7 | B28: ='20 원자료 가격'!B15 | C28: ='20 원자료 가격'!E15 | D28: =VLOOKUP(C28,$B$13:$E$18,4,FALSE)
A29: 8 | B29: ='20 원자료 가격'!B16 | C29: ='20 원자료 가격'!E16 | D29: =VLOOKUP(C29,$B$13:$E$18,4,FALSE)
A30: 9 | B30: ='20 원자료 가격'!B17 | C30: ='20 원자료 가격'!E17 | D30: =VLOOKUP(C30,$B$13:$E$18,4,FALSE)
A31: 10 | B31: ='20 원자료 가격'!B18 | C31: ='20 원자료 가격'!E18 | D31: =VLOOKUP(C31,$B$13:$E$18,4,FALSE)
A32: 11 | B32: ='20 원자료 가격'!B19 | C32: ='20 원자료 가격'!E19 | D32: =VLOOKUP(C32,$B$13:$E$18,4,FALSE)
A33: 12 | B33: ='20 원자료 가격'!B20 | C33: ='20 원자료 가격'!E20 | D33: =VLOOKUP(C33,$B$13:$E$18,4,FALSE)
... A36: 15 | B36: ='20 원자료 가격'!B23 | C36: ='20 원자료 가격'!E23 | D36: =VLOOKUP(C36,$B$13:$E$18,4,FALSE)
C37: 합계 | D37: =SUM(D22:D36)
A39: 최대 비중 | B39: =MAX(D22:D36) | C39: =INDEX(B22:B36,MATCH(MAX(D22:D36),D22:D36,0)) | D39: =B39*100 | F39: % 표기

Sheet 22 계산 지수
A1: 지수 레벨 2026-04-07 — 엑셀 수식으로 산출
A2: 룰북 §13 · D-08 · 기준값 1,000 · 원화 무헤지 · SAME_DAY_ECOS
A4: ■ 수식
A5: 원화 가격 = IF(지역="US", 종가 × 그 날짜의 환율, 종가) ← 한국 종목엔 곱하지 않음
A6: 가격비 = 검산일 원화가격 ÷ 기준일 원화가격
A7: 지수 = SUMPRODUCT(목표비중, 가격비) × 1000
A9: ※ 기준일과 검산일에 서로 다른 환율을 씁니다. 같은 환율을 쓰면 환율 변동분이 사라집니다.
B11: 종목 | C11: 지역 | D11: 목표비중 | E11: 기준일 원화가격 | F11: 검산일 원화가격 | G11: 가격비 | H11: 비중×가격비 | I11: 메모
A12: 1 | B12: ='20 원자료 가격'!B9 | C12: ='20 원자료 가격'!C9 | D12: ='21 계산 비중'!D22 | E12: =IF(C12="US",'20 원자료 가격'!F9*'20 원자료 가격'!$C$5,'20 원자료 가격'!F9) | F12: =IF(C12="US",'20 원자료 가격'!G9*'20 원자료 가격'!$C$6,'20 원자료 가격'!G9) | G12: =F12/E12 | H12: =D12*G12
A13: 2 | B13: ='20 원자료 가격'!B10 | C13: ='20 원자료 가격'!C10 | D13: ='21 계산 비중'!D23 | E13: =IF(C13="US",'20 원자료 가격'!F10*'20 원자료 가격'!$C$5,'20 원자료 가격'!F10) | F13: =IF(C13="US",'20 원자료 가격'!G10*'20 원자료 가격'!$C$6,'20 원자료 가격'!G10) | G13: =F13/E13 | H13: =D13*G13
A14: 3 | B14: ='20 원자료 가격'!B11 | C14: ='20 원자료 가격'!C11 | D14: ='21 계산 비중'!D24 | E14: =IF(C14="US",'20 원자료 가격'!F11*'20 원자료 가격'!$C$5,'20 원자료 가격'!F11) | F14: =IF(C14="US",'20 원자료 가격'!G11*'20 원자료 가격'!$C$6,'20 원자료 가격'!G11) | G14: =F14/E14 | H14: =D14*G14
A15: 4 | B15: ='20 원자료 가격'!B12 | C15: ='20 원자료 가격'!C12 | D15: ='21 계산 비중'!D25 | E15: =IF(C15="US",'20 원자료 가격'!F12*'20 원자료 가격'!$C$5,'20 원자료 가격'!F12) | F15: =IF(C15="US",'20 원자료 가격'!G12*'20 원자료 가격'!$C$6,'20 원자료 가격'!G12) | G15: =F15/E15 | H15: =D15*G15
A16: 5 | B16: ='20 원자료 가격'!B13 | C16: ='20 원자료 가격'!C13 | D16: ='21 계산 비중'!D26 | E16: =IF(C16="US",'20 원자료 가격'!F13*'20 원자료 가격'!$C$5,'20 원자료 가격'!F13) | F16: =IF(C16="US",'20 원자료 가격'!G13*'20 원자료 가격'!$C$6,'20 원자료 가격'!G13) | G16: =F16/E16 | H16: =D16*G16
A17: 6 | B17: ='20 원자료 가격'!B14 | C17: ='20 원자료 가격'!C14 | D17: ='21 계산 비중'!D27 | E17: =IF(C17="US",'20 원자료 가격'!F14*'20 원자료 가격'!$C$5,'20 원자료 가격'!F14) | F17: =IF(C17="US",'20 원자료 가격'!G14*'20 원자료 가격'!$C$6,'20 원자료 가격'!G14) | G17: =F17/E17 | H17: =D17*G17
A18: 7 | B18: ='20 원자료 가격'!B15 | C18: ='20 원자료 가격'!C15 | D18: ='21 계산 비중'!D28 | E18: =IF(C18="US",'20 원자료 가격'!F15*'20 원자료 가격'!$C$5,'20 원자료 가격'!F15) | F18: =IF(C18="US",'20 원자료 가격'!G15*'20 원자료 가격'!$C$6,'20 원자료 가격'!G15) | G18: =F18/E18 | H18: =D18*G18
A19: 8 | B19: ='20 원자료 가격'!B16 | C19: ='20 원자료 가격'!C16 | D19: ='21 계산 비중'!D29 | E19: =IF(C19="US",'20 원자료 가격'!F16*'20 원자료 가격'!$C$5,'20 원자료 가격'!F16) | F19: =IF(C19="US",'20 원자료 가격'!G16*'20 원자료 가격'!$C$6,'20 원자료 가격'!G16) | G19: =F19/E19 | H19: =D19*G19
A20: 9 | B20: ='20 원자료 가격'!B17 | C20: ='20 원자료 가격'!C17 | D20: ='21 계산 비중'!D30 | E20: =IF(C20="US",'20 원자료 가격'!F17*'20 원자료 가격'!$C$5,'20 원자료 가격'!F17) | F20: =IF(C20="US",'20 원자료 가격'!G17*'20 원자료 가격'!$C$6,'20 원자료 가격'!G17) | G20: =F20/E20 | H20: =D20*G20
A21: 10 | B21: ='20 원자료 가격'!B18 | C21: ='20 원자료 가격'!C18 | D21: ='21 계산 비중'!D31 | E21: =IF(C21="US",'20 원자료 가격'!F18*'20 원자료 가격'!$C$5,'20 원자료 가격'!F18) | F21: =IF(C21="US",'20 원자료 가격'!G18*'20 원자료 가격'!$C$6,'20 원자료 가격'!G18) | G21: =F21/E21 | H21: =D21*G21
A22: 11 | B22: ='20 원자료 가격'!B19 | C22: ='20 원자료 가격'!C19 | D22: ='21 계산 비중'!D32 | E22: =IF(C22="US",'20 원자료 가격'!F19*'20 원자료 가격'!$C$5,'20 원자료 가격'!F19) | F22: =IF(C22="US",'20 원자료 가격'!G19*'20 원자료 가격'!$C$6,'20 원자료 가격'!G19) | G22: =F22/E22 | H22: =D22*G22
A23: 12 | B23: ='20 원자료 가격'!B20 | C23: ='20 원자료 가격'!C20 | D23: ='21 계산 비중'!D33 | E23: =IF(C23="US",'20 원자료 가격'!F20*'20 원자료 가격'!$C$5,'20 원자료 가격'!F20) | F23: =IF(C23="US",'20 원자료 가격'!G20*'20 원자료 가격'!$C$6,'20 원자료 가격'!G20) | G23: =F23/E23 | H23: =D23*G23
... A26: 15 | B26: ='20 원자료 가격'!B23 | C26: ='20 원자료 가격'!C23 | D26: ='21 계산 비중'!D36 | E26: =IF(C26="US",'20 원자료 가격'!F23*'20 원자료 가격'!$C$5,'20 원자료 가격'!F23) | F26: =IF(C26="US",'20 원자료 가격'!G23*'20 원자료 가격'!$C$6,'20 원자료 가격'!G23) | G26: =F26/E26 | H26: =D26*G26
G27: 합계 | H27: =SUM(H12:H26)
A29: 2026-04-07 지수 레벨 = 합계 × 1000 | D29: =H27*1000

Sheet 30 계산 분할
A1: 010120 액면분할 5:1 — 조정 전후 비교
A2: 데이터사전 4.1 · 경계일 2026-04-13(신주권상장일) · DART 20260205800571
A4: ■ 수식
A5: 조정 종가 = IF(날짜 < 2026-04-13, 원종가 ÷ 5, 원종가)
A6: 수익률 = 당일 조정종가 ÷ 전일 조정종가 − 1
A8: ※ 거래정지 기간(04-08~10)의 종가도 분할 전 기준이므로 함께 나눕니다.
A9: ※ 공시에는 효력발생일 2026-04-10 과 상장일 2026-04-13 이 따로 적혀 있습니다.
A10: 가격 계열에서는 거래가 실제로 재개된 상장일이 경계입니다.
B12: 날짜 | C12: 원종가 | D12: 상태 | E12: 조정 종가 | F12: 조정 후 수익률 | G12: 조정 전 수익률
A13: 1 | B13: 2026-04-06 | C13: 799000 | D13: TRADED | E13: =IF(B13<"2026-04-13",C13/5,C13)
A14: 2 | B14: 2026-04-07 | C14: 788000 | D14: TRADED | E14: =IF(B14<"2026-04-13",C14/5,C14) | F14: =E14/E13-1 | G14: =C14/C13-1
A15: 3 | B15: 2026-04-08 | C15: 788000 | D15: TRADING_HALT | E15: =IF(B15<"2026-04-13",C15/5,C15) | F15: =E15/E14-1 | G15: =C15/C14-1
A16: 4 | B16: 2026-04-09 | C16: 788000 | D16: TRADING_HALT | E16: =IF(B16<"2026-04-13",C16/5,C16) | F16: =E16/E15-1 | G16: =C16/C15-1
A17: 5 | B17: 2026-04-10 | C17: 788000 | D17: TRADING_HALT | E17: =IF(B17<"2026-04-13",C17/5,C17) | F17: =E17/E16-1 | G17: =C17/C16-1
A18: 6 | B18: 2026-04-13 | C18: 179200 | D18: TRADED | E18: =IF(B18<"2026-04-13",C18/5,C18) | F18: =E18/E17-1 | G18: =C18/C17-1
A19: 7 | B19: 2026-04-14 | C19: 185600 | D19: TRADED | E19: =IF(B19<"2026-04-13",C19/5,C19) | F19: =E19/E18-1 | G19: =C19/C18-1
A20: 8 | B20: 2026-04-15 | C20: 186800 | D20: TRADED | E20: =IF(B20<"2026-04-13",C20/5,C20) | F20: =E20/E19-1 | G20: =C20/C19-1
A21: 9 | B21: 2026-04-16 | C21: 188600 | D21: TRADED | E21: =IF(B21<"2026-04-13",C21/5,C21) | F21: =E21/E20-1 | G21: =C21/C20-1
A23: ① 조정 안 했을 때 04-13 수익률 | D23: =G18 | F23: 실재하지 않는 하락
A24: ② 조정 했을 때 04-13 수익률 | D24: =F18 | F24: 0%가 나오면 과보정
A25: ③ 차이 (① − ②) | D25: =D23-D24
A26: ④ 04-13 '당일' 지수 기여 차이 = ③ × 010120 목표비중 | D26: =D25*VLOOKUP("010120",'21 계산 비중'!$B$22:$D$36,3,FALSE) | F26: ★ 전 구간 효과가 아님 — 아래 주의 참조
A28: ■ 자기 점검
A29: 조정 후 04-13 수익률이 0%면 두 번 나눈 것입니다. 올바르면 플러스가 나옵니다.
A30: 분할 기준가보다 높게 재개됐다는 뜻이고, 그것이 실제 시장 반응입니다.
A32: ■ 주의 — ④를 '지수가 6.66%p 틀렸다'의 근거로 쓰면 안 됩니다. 축이 다릅니다.
A34: ④는 04-13 '하루'의 기여 차이입니다. 분할은 하루 사건이지만, 기준일 고정가중 구조에서는
A35: 조정이 그 이후 전 구간의 가격비를 5배로 바꿉니다. 효과가 하루에 갇히지 않습니다.
A37: 올바른 전 구간 분해는 이렇습니다.
A38: 010120 전 구간(04-01→06-30) 수익률 조정 전 −70.03% / 조정 후 +49.87% → 차이 119.90%p
A39: 119.90%p × 목표비중 5.5556%(1/18) = 6.66%p = 지수 누적수익률 차이
A41: 그리고 상대 수익률 차(1337.75/1271.14 − 1 = 5.24%)는 또 다른 축입니다. 셋을 섞지 마십시오.
A42: 이 워크북은 04-07 지수만 검산하므로 전 구간 효과는 대상이 아닙니다.
A43: 전 구간 수치는 qa/corrected_run/ 산출물에 있습니다.

Sheet 99 대조표
A1: 세 경로 대조 — 엑셀 수식 · 수기 · 코드
A2: 엑셀값은 이 파일의 수식이 계산한 값 · 수기값은 직접 옮겨 적으십시오
A4: ■ 보는 법
A5: 엑셀값과 코드값이 같으면 산식 해석이 계산 환경에 의존하지 않는다는 뜻입니다.
A6: 수기값이 둘과 다르면, 사람이 틀렸을 수도 있고 규칙 해석이 갈렸을 수도 있습니다. 원인을 적으십시오.
A7: 세 값이 모두 같아도 규칙 자체를 잘못 읽었을 가능성은 남습니다 — 그건 룰북 조항 대조로만 확인됩니다.
B9: 검산 항목 | C9: 엑셀 수식값 | D9: 수기값 (직접 기입) | E9: 코드값 | F9: 엑셀−코드 | G9: 판정 | H9: 메모
A10: B | B10: KTOS ADTV90 (USD) | C10: ='12 계산 P10'!B15 | E10: 3.1515478e+08 | F10: =C10-E10 | G10: =IF(ABS(C10-E10)<0.000001,"일치","★차이★")
A11: C | B11: ADTV90 분모 (개장일수) | C11: =90 | E11: 90 | F11: =C11-E11 | G11: =IF(ABS(C11-E11)<0.000001,"일치","★차이★")
A12: D | B12: 미국 P10 하한 (USD) | C12: ='12 계산 P10'!B11 | E12: 3.1688475e+08 | F12: =C12-E12 | G12: =IF(ABS(C12-E12)<0.000001,"일치","★차이★")
A13: E | B13: KTOS 편입 여부 | C13: ='12 계산 P10'!B16 | E13: 제외 | F13: — | G13: =IF(C13=E13,"일치","★차이★")
A14: F | B14: P10 미만 종목 수 | C14: ='12 계산 P10'!B18 | E14: 1 | F14: =C14-E14 | G14: =IF(ABS(C14-E14)<0.000001,"일치","★차이★")
A15: G | B15: 2종목 이상 탈락 최소 n | C15: ='12 계산 P10'!B19 | E15: 11 | F15: =C15-E15 | G15: =IF(ABS(C15-E15)<0.000001,"일치","★차이★")
A16: H | B16: 목표비중 합계 | C16: ='21 계산 비중'!C19 | E16: 1 | F16: =C16-E16 | G16: =IF(ABS(C16-E16)<0.000001,"일치","★차이★")
A17: I | B17: 최대 비중 (%) | C17: ='21 계산 비중'!D39 | E17: 16.666667 | F17: =C17-E17 | G17: =IF(ABS(C17-E17)<0.000001,"일치","★차이★")
A18: J | B18: 2026-04-07 지수 레벨 | C18: ='22 계산 지수'!D29 | E18: 1023.8016 | F18: =C18-E18 | G18: =IF(ABS(C18-E18)<0.000001,"일치","★차이★")
A19: K | B19: 04-13 조정 전 수익률 | C19: ='30 계산 분할'!D23 | E19: -0.77258883 | F19: =C19-E19 | G19: =IF(ABS(C19-E19)<0.000001,"일치","★차이★")
A20: L | B20: 04-13 조정 후 수익률 | C20: ='30 계산 분할'!D24 | E20: 0.13705584 | F20: =C20-E20 | G20: =IF(ABS(C20-E20)<0.000001,"일치","★차이★")
B22: 엑셀 = 코드 일치 항목 수 | C22: =COUNTIF(G10:G20,"일치") | E22: / 11
